Post Text,Post Image,Facebook Status,Instagram Status,LinkedIn Status,TikTok Status,YouTube Status,Twitter Status
"Choose the property type that matches your UAE strategy, not just your taste.  
Apartments, townhouses, and villas each serve a different goal in today’s market—rental efficiency, family stability, or long-term capital positioning. The smartest move is aligning your budget, timeline, and risk profile with the right asset class, then selecting the community with proven demand and resale depth.

• Apartment: efficient rental returns  
• Townhouse: balanced space and value  
• Villa: privacy and long-term hold  
• Diversified demand across segments
• Strong resale in prime communities  

Send your budget and preferred area for a shortlist of the best-fit options across apartment, townhouse, and villa communities in the UAE.  
#UAERealEstate #DubaiRealEstate #AbuDhabiRealEstate #ApartmentsDubai #TownhouseDubai #VillasDubai #PropertyInvestmentUAE #OffPlanUAE #ReadyPropertiesUAE #RealEstateAdvisorUAE",WhatsApp Image 2026-01-19 at 1.36.23 PM (1).jpeg (https://v5.airtableusercontent.com/v3/u/51/51/1773748800000/dpYBAFHkN-IdD_GfdZBllA/Rqx-hXYLHVyEsDSzHZJROuZ50h_-ruI4RiCocAqCpQlpAgXUKLIexB5haKeNFa7elYQ7IWDi4EnIXHhqhT2_RuXAZfJTtxb662dMpp7_LWOgj3uNeuM72hjCU8EYUH43fHdc48Cen8MEmzxpIxZiDA/3Xy17-pnGykMFfL45i2-RbgMXK2e7E7XpOpLmV3j8tc),Waiting,Waiting,Waiting,Waiting,Waiting,Waiting
"Off-plan success is a decision, not a gamble.  
Buying off-plan in the UAE works best when you control three levers: entry price, delivery certainty, and downside risk. The right project aligns payment milestones with construction progress, protects your capital through regulated escrow, and positions you early in communities where demand is already forming—so your upside is built in before handover.

• Lower entry price today  
• Equity growth by handover  
• Strong UAE off-plan demand  
• Escrow-backed buyer protection  
• Flexible plans, higher yields  

Secure the right off-plan opportunity with a vetted developer, clear timeline, and smart payment plan—message now to receive a shortlist that fits your budget and target return.  
#UAERealEstate #DubaiOffPlan #OffPlanProperty #DubaiInvestments #PropertyInvestmentUAE #DubaiApartments #UAEPropertyMarket #DubaiDevelopers #RealEstateStrategy #GreatFineHome",WhatsApp Image 2026-01-23 at 1.45.24 PM (1).jpeg (https://v5.airtableusercontent.com/v3/u/51/51/1773748800000/GOuaJ6m6iHo2LoF1VkhY8Q/vBJ2laM9E7v0IygSvSgh_RjbqgrPaaGq4bMivRod1OBx3-im21x7-NsnHK6rM2ACPrdGUV9_e_ucICzx7iXwkwM0Jt29whZp30BlWWfUK9ujKwcUNwWpwbhWKxmG2OxfyunsljH1oIOzmKvJDfd0rw/sn_Ps23P6zVNoS0oM8F0HTdN1T1ncAzarkGPP49PvkM),Waiting,Waiting,Waiting,Waiting,Waiting,Waiting
"Tenants don’t pay for square meters, they pay for convenience.

Communities built around schools, daily retail, and green parks consistently outperform on occupancy and rent stability because they remove friction from everyday life. That demand is durable, tenant-led, and easier to maintain across market cycles—making these locations a smarter hold for both investors and end-users.

• Schools drive family demand  
• Retail boosts daily convenience  
• Parks improve tenant retention  
• Lower vacancy risk profile  
• Stronger rent growth potential  

Secure a home in a community designed for long-term demand and reliable returns.

#UAERealEstate #DubaiRealEstate #AbuDhabiRealEstate #CommunityLiving #FamilyHomesUAE #InvestmentPropertyUAE #RentalYieldDubai #TenantDemand #OffPlanUAE #TownCentreLiving",WhatsApp Image 2026-01-24 at 4.30.08 PM (1).jpeg (https://v5.airtableusercontent.com/v3/u/51/51/1773748800000/YDXSLh0Y3oNywVpBD-aC6Q/dTlnwM1R1ccgsHmOyMGPvG4Xltwk0WGUXUSW8VR9hY3q2A_9KR1nsRtaIfuRt6wCHvi8-2q-DmBOPcdGw5_uK_XIDgKTRbSwVAwMUS7aOdnp7lk17jKMO8Br2PCx9nfl-uMhbWv5hJHxjqbWrYAB2w/qyQpFBafTkltjEygZA_FBrLT6Ik-jfdxyec36yCawi8),Waiting,Waiting,Waiting,Waiting,Waiting,Waiting
"Timing is the real advantage in UAE real estate.  
The best results come from entering before demand spikes, holding through the value-creation phase, and exiting when liquidity is strongest. A disciplined Entry–Wait–Exit plan protects your capital while positioning you for outsized performance across Dubai’s key growth corridors.  

• Enter at early-launch pricing  
• Hold through delivery uplift  
• Exit with peak buyer demand  
• Diversify across asset cycles  
• Optimise rental yield window  

Book a strategy call to map your Entry–Wait–Exit plan based on budget, timeline, and target returns.  
#DubaiRealEstate #UAEProperty #DubaiPropertyInvestment #OffPlanDubai #DubaiInvestors #RealEstateStrategy #PropertyPortfolio #CapitalGrowth #RentalYield #ExitStrategy #DubaiMarket #GreatFineHome",WhatsApp Image 2026-01-21 at 1.50.22 PM (1).jpeg (https://v5.airtableusercontent.com/v3/u/51/51/1773748800000/KBBCYcKV5vrNV7-_EPoX9Q/XwKeRC8SQoGlrTcpZfEoIU63PfThIwtN5OON-LvIdgXzOIDM5lbYGwYcX3vTMj0gaxnShN7b2eFvZGPM3dw7H-HWAnZtj_R_Ds5J2rsyVMGwpE2PCh0iSVm-McAyhKmNhJ3Hsxic3EJJSqCWvSRVPA/e5E0Az1PV3t9TU7DTHsgcqMsvCwEONHYAFqYzwPrQhg),Waiting,Waiting,Waiting,Waiting,Waiting,Waiting
"Risk vs Return starts with the right property decision.  
In the UAE, the safest path to strong returns is choosing assets with proven demand, credible developers, and locations that hold value across market cycles. Build a portfolio that protects capital today and compounds growth for the future.

• Prime, demand-led locations  
• Long-term capital appreciation  
• Resilient UAE property market  
• Lower downside through fundamentals  
• Strong rental yield potential  

Contact Great Fine Home to secure a risk-balanced investment shortlist today.  
#UAERealEstate #DubaiRealEstate #AbuDhabiRealEstate #PropertyInvestmentUAE #DubaiInvestments #UAEPropertyMarket #OffPlanDubai #ReadyPropertyUAE #RentalYieldDubai #CapitalAppreciationUAE #GreatFineHome",WhatsApp Image 2026-01-22 at 3.17.34 PM (1).jpeg (https://v5.airtableusercontent.com/v3/u/51/51/1773748800000/E1s6AN0zAUMmdKgSfP6RVw/JaqwIc3uS86TKeI4j3Ffw6Vq6CmbzkhTlH6AeH_wIhj9dtIUReoSsQUF3WW62zvMCE1lXgVsOuQw_o4wkdNlcL6ffsANEiYNyNLpc2NbraEJdH_fnSp0LIP3_973WKAEfcrmPdiU9s6aaiP-aDJyLA/rH2xvjVZuEbA805zwFORx-BK-osMM1szSwpzOXPPrGA),Waiting,Waiting,Waiting,Waiting,Waiting,Waiting
"Invest in Dubai real estate with clarity, not surprises.

A disciplined property strategy in the UAE is built on three pillars: liquidity, diversification, and security. When your portfolio is structured across the right locations, asset types, and exit timelines, you gain control over cashflow, reduce exposure to market cycles, and protect long-term capital growth in one of the region’s strongest regulated markets.

• Exit plan from day one  
• Balanced capital growth strategy  
• Prime locations, steady demand  
• Diversified asset-type exposure  
• Optimized rental yield potential  

Book a portfolio planning call with Great Fine Home to shortlist the right UAE opportunities for your risk profile and timeline.

#DubaiRealEstate #UAEProperty #DubaiInvestment #RealEstatePortfolio #OffPlanDubai #DubaiRentals #DowntownDubai #BusinessBay #DIFC #DubaiMarina #AbuDhabiRealEstate #PropertyInvestmentUAE",WhatsApp Image 2026-01-10 at 2.10.20 PM (2).jpeg (https://v5.airtableusercontent.com/v3/u/51/51/1773748800000/52789pQFpqiI40K3VuYaag/nZwmMhAe-XkXaro9lENJQwRSqSfhjE-oLzZwbYlC-zUMALkFnWb2kgcYg5fVF9q3ZnOOqhB5jCx_XH2RbNMuijsiODmBgm5cVW5dVd4aAcL7bODQgvlvfLDkgPpR6R0uhRyDaUtrBQoNZdQz7g2jIg/qPbI0Iwq-3Krizvjnbqac-Gquf-5V5vVY9eTBPe9cIQ),Waiting,Waiting,Waiting,Waiting,Waiting,Waiting
"Balanced supply is the strongest signal of a stable property market.  

In the UAE, price stability is built when new launches are absorbed by real end-users and steady rental demand—reducing sudden spikes and protecting downside. For buyers and investors, this creates a cleaner entry point, clearer yield forecasting, and stronger long-term confidence in prime locations.  
• Predictable pricing movement  
• Stronger long-term value retention  
• Healthy demand absorption rates  
• Lower correction risk exposure  
• Clearer rental yield outlook  

Book a call to review today’s best-value communities and secure the right unit at the right price.  
#UAERealEstate #DubaiProperty #AbuDhabiRealEstate #PropertyInvestmentUAE #DubaiInvestors #OffPlanUAE #SecondaryMarketDubai #RentalYieldDubai #CapitalGrowthUAE #RealEstateMarketUAE",WhatsApp Image 2026-01-09 at 12.33.37 PM.jpeg (https://v5.airtableusercontent.com/v3/u/51/51/1773748800000/JTfuJbbYtsKl4cjPs3-3nw/6PfTAjYgaUt1ocz9ZC3COuDyLTChxjCrmXqeG3DweSIwSx7nez6-uxvFgmF38PF9qhP474SV-p32V_HB49IUyLmTM5IVsQIHYeQQp-bxrt7qnKbLN3fOz8VkvwzXQ0ydFO6ZNnl83yomlwISMUMDdQ/uBLuDxj-60KsE46cG2_8NcIwZNldQWgcVYktE8obFE0),Waiting,Waiting,Waiting,Waiting,Waiting,Waiting
"Location is not a detail in Dubai; it is the strategy that drives wealth.  
In a market built on connectivity, the best-performing assets are the ones positioned where infrastructure, business hubs, and daily convenience intersect. When you buy in a growth corridor with proven demand, you reduce volatility and improve both resale depth and rental performance over time.

• Prime connectivity to key hubs  

• Strong resale value momentum  

• Infrastructure-led demand growth  

• Lower vacancy risk profile  

• Higher rent-per-location advantage  

Secure a location-led asset today; message for curated options in Dubai’s strongest growth corridors.  
#DubaiRealEstate #UAEProperty #DubaiInvestment #LocationStrategy #CapitalAppreciation #RentalYieldDubai #SheikhZayedRoad #DubaiMarketInsights #OffPlanDubai #ReadyPropertiesDubai",WhatsApp Image 2026-01-08 at 12.09.02 PM.jpeg (https://v5.airtableusercontent.com/v3/u/51/51/1773748800000/Qo60MxRLmS-yoZqxiYZniQ/jRA-AplocY-zc00xvEqFLie9zf3Uk0GnZ67E7mqBiUzZY9Ai_38kHso5cxxMWJrzE6u9yRDEUxew4gDXy9dJcGyJKuyXb8UsfjaP_SCMZmgP2-0F9ooILvbMGQ0j6cA0y85NbqECMbz4QL0X8j6SOw/vZ6EAR94TdqvX97r7B5C_Svc02-eL3pKXUvTrq7EK3c),Posted,Posted,Waiting,Posted,Posted,Waiting
"Invest with a plan, not a promise.  

Dubai rewards investors who follow a clear timeline: buy at the right entry point, secure tenant demand, then let market appreciation compound your equity. The strongest results come from aligning location, pricing, and leasing strategy from day one—so your asset performs through rental cycles and holds value through market shifts.  

• Smart entry, better pricing  
• Compounding equity over time  
• Dubai demand-led rental market  
• Regulated, investor-friendly framework  
• Rent now, grow capital  

DM “TIMELINE” for a tailored buy-to-rent plan and a shortlist of units built for yield and long-term growth.  
#DubaiRealEstate #UAEPropertyInvestment #BuyToLetDubai #DubaiInvestors #RentalYieldDubai #DubaiPropertyMarket #RealEstateStrategy #GreatFineHome",WhatsApp Image 2026-01-20 at 12.39.16 PM.jpeg (https://v5.airtableusercontent.com/v3/u/51/51/1773748800000/qXaeewxSniZ_AlLxRaNxZg/TfjLWw9By_2s2jW4bCA4NaGqCYdfYBak0UEIIdfpTex1pCCP1opOE4McVccMGa23yBhneZVQaVqbAuu_uI6zAuQI1PkhJYWjcTC6p877GBPO0bwZ2kewKC-5cuyTjr5Y1nua-pzHZqqCfBIhXsNWUA/nT2tCUOwuTnej9CAvmBJV8Plki2nOHd85xSeRFWt60A),Waiting,Waiting,Waiting,Waiting,Waiting,Waiting
"Property prices don’t move by luck; they move by fundamentals.  

In the UAE, the most resilient real estate decisions are built around demand drivers that keep occupancy high and pricing supported through market cycles. When you buy in locations anchored by employment hubs, ongoing infrastructure investment, and sustained population growth, you’re aligning your purchase with what consistently pushes values upward.  

• Jobs-led rental demand  
• Strong long-term capital growth  
• Infrastructure-backed location advantage  
• Reduced vacancy risk  
• Higher yields, better exits  

Book a consultation to shortlist UAE areas with the strongest fundamentals for your budget and strategy.  
#UAERealEstate #DubaiRealEstate #AbuDhabiRealEstate #PropertyInvestmentUAE #UAEPropertyMarket #RealEstateStrategy #RentalYield #CapitalGrowth #OffPlanUAE #WaterfrontLiving",WhatsApp Image 2026-01-12 at 1.47.49 PM (1).jpeg (https://v5.airtableusercontent.com/v3/u/51/51/1773748800000/AmlQiqNudYsMLlNpmoeM2w/TY03MMnNoQRLfBf8ZoNFzWIhTx1tdbu8lbWcTigA78HsxURvBv2kmunpgRFB5rGp6XmEvw1v7hD51RdZNL4xK7N5j-AW8XQTYhzIW5626SK0RkkmJv0EJNYs7d-K4IYpmTRSRUhV5p9idxTw0NnKWg/MpthP97MfJQUs9XsGMhndkkMEVO0s3FFhh5LdKor1aw),Waiting,Waiting,Waiting,Waiting,Waiting,Waiting
"Different goals demand different property strategies.

In Dubai’s high-demand corridors, the smartest buyers match the asset type to the outcome: stable rental income, long-term capital growth, or a lifestyle upgrade with strong resale appeal. Premium high-rise residences like these are built for today’s tenant expectations and tomorrow’s market shifts—when location, product quality, and developer track record align, performance follows.

• Income-focused unit selection  
• Resale strength over cycles  
• Prime Dubai demand drivers  
• Clear exit plan options  
• Lifestyle appeal boosts yields  

Message to get the current availability, payment plans, and a tailored shortlist aligned to your goal.

#DubaiRealEstate #DubaiProperty #UAERealEstate #DubaiInvestments #OffPlanDubai #DubaiHighRise #LuxuryApartmentsDubai #RentalYieldDubai #CapitalAppreciation #PropertyPortfolioDubai #GreatFineHome",WhatsApp Image 2026-01-16 at 12.34.52 PM (1).jpeg (https://v5.airtableusercontent.com/v3/u/51/51/1773748800000/ztwDUWrTiSUg9wCkKqADBA/VXFZQdLOhavJpZSPo1j_oQZCKWu-YllghwY71HLLKJu7piRQS0M4JqmR-2mxWsDlf5uip_TFJ769moLkXHajBuLELfzfHoZcVuvP1zwx0TiTH0gezu65O9zPZ5do1jphHA4-6pXk-XhHmXgraOz1wA/vc2HC1FzZ33cEQ45e5EiNnqZ6oZLpP7c3PA__K-yHww),Posted,Posted,Posted,Posted,Posted,Posted
"Own the asset in a market built for growth.  

The UAE continues to attract global capital because it combines true freehold ownership with a track record of price appreciation and a development pipeline that keeps demand and infrastructure moving forward. For investors and end-users alike, this is where lifestyle and long-term value align under a clear, regulated framework.  
• Freehold title, full control  

• Capital growth over cycles  

• Global demand, prime liquidity  

• Clear regulation, lower friction  

• Lifestyle-led rentals, premium yields  

Secure the right unit in the right location—message now for a curated shortlist of freehold opportunities across Dubai and Abu Dhabi.  
#UAERealEstate #DubaiRealEstate #AbuDhabiRealEstate #FreeholdProperty #PropertyInvestmentUAE #DubaiInvestments #DubaiPropertyMarket #LuxuryRealEstateDubai #OffPlanDubai #DubaiFreehold",WhatsApp Image 2025-12-22 at 1.30.35 PM.jpeg (https://v5.airtableusercontent.com/v3/u/51/51/1773748800000/rSLIaUN7BwkXf1JfAgTyCA/IVq321o0ezrMFH4laQAxLoemUCfH25luCSbtINDt-2iCUdVjvacbEnMCwEhXIWvES47TsQE-j3P-o1YO1GBF9B-RwrmATrcVkh8drP_irHfHC7Erm8vqiwS3P1vgoORhzAVLDhEsLfTneE1_FjCcZQ/nHMMQ0QiEDdpIDRa7CCHb5wlPpI61I7CjtTKQ283i8E),Waiting,Waiting,Waiting,Waiting,Waiting,Waiting
"Financing is the smart way to multiply your buying power in the UAE.  
In a market built on long-term demand and prime lifestyle communities, using the right mortgage structure lets you secure a stronger asset today while keeping liquidity available for the next opportunity. Done correctly, financing is not a cost—it’s leverage that supports portfolio growth and stability.

• Higher purchasing power  
• Preserve cash for growth  
• UAE demand stays resilient  
• Fixed rates reduce volatility  
• Strong rental yield potential  

Book a financing-ready property shortlist with a clear payment plan and ROI targets.  
#UAERealEstate #DubaiProperty #PropertyInvestmentUAE #MortgageUAE #HomeFinancing #DubaiInvestors #DubaiVillas #AbuDhabiRealEstate #CapitalGrowth #RentalYieldUAE #GreatFineHome",WhatsApp Image 2026-01-03 at 3.37.50 PM (1).jpeg (https://v5.airtableusercontent.com/v3/u/51/51/1773748800000/IZFdq0pbQDgFOv6DJ8_tMg/Z6MgdmecnBJaYumoauvcL-KLLieEjx_YeSbvArTlongVBBRdvobwm9VVRb5S9HhAfLcvjcbshIi0DjLHkttVmylo8Rv1xfW5DK3gTXQcixoHgbLd6BxpJJ34RlU25sVvgGCCD4pN4Y4YMROJrYetAA/ojFIaM8R7ogywGxOEf4HBZQLPWFq3lACiQmZ60H_sG0),Posted,Posted,Posted,Posted,Posted,Posted
"Flexible payment plans that lower your entry barrier into Dubai waterfront living.  
When the market is moving, the smartest buyers secure prime addresses with structured, manageable instalments that protect liquidity while locking in long-term upside. This is a practical path for end-users and investors to enter at today’s pricing without overextending.

• Lower upfront cash needed  
• Preserve capital for growth  
• Dubai waterfront demand resilience  
• Staged payments reduce exposure  
• Strong rental and exit flexibility  

Book a private consultation to shortlist the best flexible-plan waterfront options available now.  
#DubaiRealEstate #UAEProperty #WaterfrontLiving #DubaiMarina #PalmJumeirah #OffPlanDubai #PaymentPlan #DubaiInvestment #LuxuryApartmentsDubai #PropertyInvestmentUAE #DubaiPropertyMarket #GreatFineHome",WhatsApp Image 2026-01-02 at 1.58.53 PM (2).jpeg (https://v5.airtableusercontent.com/v3/u/51/51/1773748800000/TUmPamLaE4yv7V4zbJANVA/t-yluBJXYWuH0nQ3zqbHY-LKtq547gLPE6Uth7umGDPhJ8YPB7ka_oNQBV9B8J3q67URKd_OQGq8Fos7R9SPH8hO_DigeVN-cPwdy_hS99-ipqZWbgNVl-_Uyg3EGsXg-eUbC5LgZ43UNwbbIuts-w/MwjDyuvhQjAN1vw7SzvOIDTr_VFTQ73cnKDVm0kIMzk),Waiting,Waiting,Waiting,Waiting,Waiting,Waiting
"Amenities that matter more than size.

In Dubai’s most competitive residential market, the smartest decision isn’t always a bigger layout—it’s a community designed for daily living. When a project delivers family-ready outdoor space, wellness facilities, and landscaped walkability, you secure stronger demand from both end-users and tenants, with better long-term resilience.

• Family-focused community spaces  
• Higher tenant retention rates  
• Amenity-led rental demand  
• Lower vacancy risk profile  
• Better value per sqft  

Book a private viewing and get the latest availability, pricing, and payment plan options today.  
#DubaiRealEstate #UAEProperty #DubaiApartments #DubaiInvestment #FamilyCommunity #CommunityLiving #DubaiOffPlan #AmenitiesMatter #RentalYieldDubai #PropertyConsultantDubai",WhatsApp Image 2025-12-29 at 1.02.49 PM (1).jpeg (https://v5.airtableusercontent.com/v3/u/51/51/1773748800000/18RfdIOFR_AY6D5dK2Bgrw/w65WfOhSJ1-hPJ18YA6JYITc8Wp82jD8ECWe9LhMyj4AGfj_xbt4Qe40lqiW_TqgxFBdf9xzQuCR-NK_GW4_w2f6uh5A2v6n-2P2igsujaff9JB2qFElIovNzz_LVdldwworL2qXweLyMwELTrkdug/MolfQG-ThYja5afEFcY3RNYYIQLq3mInzCvG-SoQtsc),Waiting,Waiting,Waiting,Waiting,Waiting,Waiting
"Smart location is the fastest path to long-term property value in the UAE.

When you buy in a location built around proximity, amenities, and measurable growth, you’re not just choosing a home—you’re securing future demand. Communities connected to business hubs, waterfront promenades, and daily conveniences consistently outperform on rental occupancy and resale liquidity, making them a stronger choice for both end-users and investors.

• Minutes to key districts  
• Strong resale and liquidity  
• Demand-led rental performance  
• Lower vacancy risk profile  
• Walkable, amenity-rich living  

Request the location shortlist and available units today.  
#UAERealEstate #DubaiProperty #SmartInvestment #PrimeLocation #WaterfrontLiving #RentalYield #CapitalAppreciation #OffPlanDubai #ReadyPropertyDubai #DubaiMarinaLifestyle",great home 2jpg.jpg (https://v5.airtableusercontent.com/v3/u/51/51/1773748800000/cdBRBo1iz1nvCty7qn5HWA/T4LCU8BksSxXTkLRxegi5AgE9TBhUzIeKXd0F_EeB7NFlmhRXR7vYqGNKUDMafvfORbjFDm3rvufdLvW4Kz6vZ5OE62p5AvKabgh2ymVoru4N-YhG-AJkKhBTBilytmxx2jVKv4HRmT8kNK7vFyLlA/GDPo6tladYF6fGAc_fY-GyNvkPj-EFkLU5hbdUZluTo),Waiting,Waiting,Waiting,Waiting,Waiting,Waiting
"Choose the developer like you choose the asset: based on delivery, not promises.  
In the UAE market, long-term value is built on developer track record—timely handovers, consistent build standards, and strong after-sales management. When the developer is right, your downside risk tightens and your resale and rental performance become far more predictable.

• Proven delivery track record  
• Strong resale value support  
• Higher tenant retention rates  
• Lower handover uncertainty  
• Better ROI predictability  

Secure your next purchase with a developer due-diligence shortlist and a unit comparison tailored to your budget and timeline.  
#UAERealEstate #DubaiRealEstate #PropertyInvestmentUAE #OffPlanDubai #DubaiInvestors #RealEstateStrategy #DeveloperReputation #DubaiPropertyMarket #AbuDhabiRealEstate #GreatFineHome",WhatsApp Image 2026-01-28 at 12.38.59 PM (1).jpeg (https://v5.airtableusercontent.com/v3/u/51/51/1773748800000/y3tG8h-6Q7cBGUFSUFPnrw/wOJNa5yCQilP1kFzHjugmqJkQzLHqw3SvUQasdAVjk4FH6TjKEzgg9P7Yg0ISAURyrrfnhgxG1EcOD9K-tIw5i-opZFElH2OmHmnCnlrJgY9vKuiJRqTCU-bAWRm4CaUz3l_u2WgZCjBUIFNlIH5pA/sdvofVP7fRlpgyz27nGJ8BsZihRReTpJlLxhyisbqqU),Waiting,Waiting,Waiting,Waiting,Waiting,Waiting
"A family address in Dubai that delivers more than space.

This is the kind of home that works for real life: generous layouts, a secure community feel, and the everyday essentials close by—while staying connected to the city’s strongest lifestyle and property demand. Built for end-users who value stability today and resale strength tomorrow.

• Spacious, family-sized layouts  
• Strong long-term capital retention  
• Prime Dubai demand corridor  
• Trusted ownership, low volatility  
• City views, daily convenience  

Book a private viewing and receive the full unit availability, floor plans, and current pricing today.  
#DubaiRealEstate #FamilyHomeDubai #DowntownDubai #BurjKhalifaView #DubaiProperty #UAERealEstate #DubaiApartments #DubaiInvestment #DubaiLifestyle #OffPlanDubai",post009jpg.jpg (https://v5.airtableusercontent.com/v3/u/51/51/1773748800000/hjAa2_g_bGpVKe4jXOXrFw/kIiCPxQwj6zKEf_hMYEY01zWh_Cq0MI3TaFHasAw6UHscimpXiH91xz1HsRWv2BayXQ9NjxFg-jnCLB9KU6d7WM0XPFbopDcPq4FtG1_pwaKux7mXgqVeLkTyigqAQP-BHuDM9AqhlI2Y17wNiy8YA/5t_ly2HU8Mw5qQC4t_w4LDpYhO7tvhubldbCfCQXXhw),Posted,Posted,Posted,Posted,Posted,Posted
"Strong holding power protects value.

In the UAE market, real estate rewards investors and end-users who buy with a clear horizon and hold through cycles. The strongest portfolios are built on asset quality, location fundamentals, and disciplined timing—not short-term noise.

• Prime-location demand resilience  
• Compounding capital growth over time  
• UAE investor-friendly regulation  
• Reduced volatility through holding  
• Stable rental yield potential  

Secure a property strategy built for long-term value—contact Great Fine Home to shortlist the right assets today.  
#UAERealEstate #DubaiRealEstate #AbuDhabiRealEstate #PropertyInvestmentUAE #OffPlanUAE #ReadyPropertyUAE #BuyToLetUAE #LongTermInvestment #CapitalGrowth #RentalYield #GreatFineHome",WhatsApp Image 2026-01-27 at 12.31.24 PM.jpeg (https://v5.airtableusercontent.com/v3/u/51/51/1773748800000/ojLahRBTKYWS3C0K2xCRQg/XJaJ7OqVXslcarW9MOJpRu0eWasO9N0VxTAtzMoIQKzdTp-CQnnl9uaXea0UAKxEItgWu_zCgovANEacUKWNaHCJXnMZzb_kQEpkfhyBy9l9JWsHUuuBPlzbX-1YXwjXyaHbfb9NQeh2U4040dcorg/j8ftbi-HDKwp66Z2cOImZQhq0IUbTz45vxz6AwWkJXc),Waiting,Waiting,Waiting,Waiting,Waiting,Waiting
"Plan your exit before you enter.

In the UAE property market, the smartest buyers don’t start with the unit—they start with the strategy. Whether you’re buying to live or to invest, knowing your resale window, rental positioning, and liquidity options upfront is what protects capital and maximizes outcomes.

• Defined exit strategy first  
• Stronger resale leverage  
• Demand-led UAE locations  
• Lower vacancy exposure  
• Better yields, cleaner returns  

Secure the right asset with a clear entry-and-exit plan—contact us for a tailored shortlist built around your timeline and target return.  
#UAERealEstate #DubaiRealEstate #AbuDhabiRealEstate #PropertyInvestmentUAE #OffPlanUAE #SecondaryMarketDubai #RealEstateStrategy #BuyToLetDubai #CapitalGrowthUAE #GreatFineHome",WhatsApp Image 2026-01-29 at 1.41.50 PM (3).jpeg (https://v5.airtableusercontent.com/v3/u/51/51/1773748800000/F5bzqyqO2Tk9ew9lFcBFMA/iVTpD9jLyhcoG3j8jQFJ_Vby-rEPScik7YPMlwyRUHcWR2ognFeyDrb8KrM_M58auDu_L9AMMe8mBd0ammA3gYSAb-XmC3VchaTm4LjUIzQ5-3CmNPmfiBfJNxRA0ahwl6hQ1z844Xd1iP9UHY2ndw/hjoom2VXXjuzXaj9oQFOnFfUVL-jXLfwDafovZzmX3M),Waiting,Waiting,Waiting,Waiting,Waiting,Waiting
"Community quality is the real asset behind every strong home decision.

This master-planned villa lifestyle is built for long-term comfort and steady value—where privacy is protected, amenities are purposeful, and every detail is organized to reduce daily friction. Ideal for end-users seeking stability and for investors who understand that premium communities sustain demand through every market cycle.

• Low-density, private living  
• Family-first daily convenience  
• Managed community standards  
• Predictable maintenance planning  
• High tenant and resale appeal  

Book a private viewing and receive the current availability, floor plans, and payment options.  
#UAERealEstate #AbuDhabiRealEstate #AlAinProperties #VillasForSaleUAE #MasterPlannedCommunity #FamilyLivingUAE #InvestmentPropertyUAE #LuxuryVillasUAE #CommunityLiving #OffPlanUAE",WhatsApp Image 2026-01-30 at 3.08.59 PM (1).jpeg (https://v5.airtableusercontent.com/v3/u/51/51/1773748800000/FINv1_jm8XGj--tv3UQjRQ/8xMI4aoqMMf2gzyTCLUfZ1pKcVRBsRu5Ct4lX4COINhnYExU2AItbQ-E-DXvKIZppRnW__Wa1QtYhrqPsWBd7pHHwlvc7dbnw9QU4614PF9amC8fGcmQQaBa-IjNdMcqwrW3E8UQSKjbLysJ8pNCRA/60uU7aPANanDwnl6UMVFOp7-GrPNd85jwoDhXxwKtWg),Waiting,Waiting,Waiting,Waiting,Waiting,Waiting
"Goals define the right choice in Abu Dhabi real estate.

When your priority is stability, livability, and long-term value, master-planned communities with modern low-rise residences deliver the strongest balance between end-user comfort and investor confidence. This is the type of product that protects downside risk while staying aligned with Abu Dhabi’s sustained demand for quality homes in well-connected, greenery-led neighborhoods.

• Master-planned, low-rise living  
• Sustainable capital value trajectory  
• Abu Dhabi demand fundamentals  
• Lower volatility, higher resilience  
• Strong rental and end-use appeal  

Book a private consultation with Great Fine Home to match your goals to the right Abu Dhabi community and unit selection.

#AbuDhabiRealEstate #UAEProperty #AbuDhabiInvestments #AbuDhabiHomes #MasterPlannedCommunity #LuxuryLivingAbuDhabi #PropertyInvestmentUAE #UAERealEstateMarket #GreatFineHome",WhatsApp Image 2026-01-31 at 1.40.34 PM (1).jpeg (https://v5.airtableusercontent.com/v3/u/51/51/1773748800000/j3XUScMxyqqQteon5b6Cbg/UGQpMGlR7R6a8izQ0mLAmsajMkPMPFOgTKFAcdm1BmRP0evl5EG5-qAFmULiYRNapSAll8PfhhkCHNldBi_KTJyTGnr52w1NUraNthmRuzKnetu5vZfDDBEGtmZaLAUOl-vURLrQ2OQ1T48F9V6Uzg/bJLqFeOdUl4oVG41YQgheM1hwhxTgtrZS06wdnbOSVY),Waiting,Waiting,Waiting,Waiting,Waiting,Waiting
"Invest in UAE real estate with full control from your phone.  

Dubai’s property market rewards speed, clarity, and access to the right opportunities at the right moment. With a digital-first approach, you can track listings, compare returns, and move on deals without being tied to one location—perfect for busy professionals, frequent travelers, and investors building a UAE portfolio with confidence.  

• Remote investing, anytime access  

• Portfolio growth, long-term stability  

• Dubai demand, global liquidity  

• Transparent data, faster decisions  

• Flexible entry, stronger ROI  

Download the app now and start exploring UAE opportunities from anywhere.  
#DubaiRealEstate #UAEProperty #DubaiInvestments #PropertyInvestmentUAE #DubaiOffPlan #DubaiApartments #RealEstateApp #InvestInDubai #DubaiPropertyMarket",FINAL APP.jpg (https://v5.airtableusercontent.com/v3/u/51/51/1773748800000/Bw27snlLnMhNcOZHf_VZQA/htXOysyNiIk0gy-CDkrpM40JsDJ5Is09Rl2LPbBbLpgUDjLjYjBH2rhoLHMbV0N_V7n6spfefxGdLg_1GZFXQCKxd3POsxqeR1UKPeBddhrMWHq_Ih5KVkiQRvHfCpM1SK9IQI0VlFjPpKP8HKNr-g/X_kw298Tis8l1gSgawVbZudCnOu23Ma7Ul-HQ_MoWRc),Waiting,Waiting,Waiting,Waiting,Waiting,Waiting